{
    "mean": [
      6.849382716049384,
      0.04115973059449126,
      17.722586417950257
    ],
    "std": [
      1.680470499723814,
      0.3681438221794412,
      34.16476326192573
    ],
    "feature_order": [
      "sugar_mmol_l",
      "insulin_active",
      "carbs_active"
    ],
    "units": "mmol/L",
    "xe_to_grams": 12.0
  }